{"cameraMode":{"drawMode":0,"name":"Shaded","section":"Shading Mode"},"sceneLighting":false,"audioPlay":false,"sceneViewState":{"showFog":true,"showMaterialUpdate":true,"showSkybox":false,"showFlares":true,"showImageEffects":true,"showParticleSystems":true},"in2DMode":false,"pivot":{"x":-7.71629524230957,"y":0.5339400768280029,"z":1.8359687328338624},"rotation":{"x":-0.059221602976322177,"y":0.9406121969223023,"z":-0.24550475180149079,"w":-0.2268945872783661},"size":0.18110768496990205,"orthographic":false}