{"cameraMode":{"drawMode":0,"name":"Shaded","section":"Shading Mode"},"sceneLighting":false,"audioPlay":false,"sceneViewState":{"showFog":true,"showMaterialUpdate":true,"showSkybox":false,"showFlares":true,"showImageEffects":true,"showParticleSystems":true},"in2DMode":false,"pivot":{"x":-0.7224006652832031,"y":7.619285583496094,"z":21.4680233001709},"rotation":{"x":-0.1679513305425644,"y":0.53169846534729,"z":-0.10850581526756287,"w":-0.8229928612709045},"size":22.62740707397461,"orthographic":false}