{"cameraMode":{"drawMode":0,"name":"Shaded","section":"Shading Mode"},"sceneLighting":false,"audioPlay":false,"sceneViewState":{"showFog":true,"showMaterialUpdate":true,"showSkybox":false,"showFlares":true,"showImageEffects":true,"showParticleSystems":true},"in2DMode":false,"pivot":{"x":0.5337004661560059,"y":1.653153896331787,"z":1.1787168979644776},"rotation":{"x":-0.005595680326223373,"y":0.9728813767433167,"z":-0.023654501885175706,"w":-0.23005107045173646},"size":0.8320538401603699,"orthographic":false}