{"cameraMode":{"drawMode":0,"name":"Shaded","section":"Shading Mode"},"sceneLighting":false,"audioPlay":false,"sceneViewState":{"showFog":true,"showMaterialUpdate":true,"showSkybox":false,"showFlares":true,"showImageEffects":true,"showParticleSystems":true},"in2DMode":false,"pivot":{"x":0.4136180877685547,"y":1.5410001277923585,"z":-0.061719536781311038},"rotation":{"x":-0.05498445779085159,"y":-0.9448719620704651,"z":0.21955189108848573,"w":-0.23663397133350373},"size":0.9055385589599609,"orthographic":false}